date,close,volume
,TUPRS.IS,TUPRS.IS
2020-01-02,12.268352508544922,10267544
2020-01-03,12.047904968261719,13947619
2020-01-06,11.856213569641113,9460164
2020-01-07,11.779535293579102,14402885
2020-01-08,11.53991985321045,17810471
2020-01-09,11.990397453308105,27044185
2020-01-10,12.009566307067871,20340271
2020-01-13,12.047904968261719,20015443
2020-01-14,11.884965896606445,16265004
2020-01-15,11.837041854858398,16043552
2020-01-16,11.731612205505371,23735747
2020-01-17,11.607011795043945,16043335
2020-01-20,11.68368911743164,11492838
2020-01-21,11.645349502563477,14337575
2020-01-22,11.645349502563477,16468305
2020-01-23,11.568673133850098,13256425
2020-01-24,11.463242530822754,16712241
2020-01-27,11.108610153198242,18953382
2020-01-28,11.070271492004395,23985514
2020-01-29,10.945671081542969,18308276
2020-01-30,11.04151725769043,30301138
2020-01-31,10.811485290527344,29019725
2020-02-03,10.773146629333496,17552710
2020-02-04,10.859410285949707,23201731
2020-02-05,10.936086654663086,25937618
2020-02-06,10.897747039794922,15313928
2020-02-07,10.840239524841309,13930238
2020-02-10,10.610207557678223,19339712
2020-02-11,10.811485290527344,19870130
2020-02-12,11.022348403930664,23132935
2020-02-13,10.75397777557373,47080593
2020-02-14,10.543115615844727,30115736
2020-02-17,10.734808921813965,34262025
2020-02-18,10.543115615844727,23583728
2020-02-19,10.638961791992188,24041220
2020-02-20,10.571868896484375,29059758
2020-02-21,10.6964693069458,30902907
2020-02-24,10.60062313079834,20024949
2020-02-25,10.495192527770996,19774748
2020-02-26,10.466439247131348,22960861
2020-02-27,9.862605094909668,22727537
2020-02-28,9.699665069580078,15331778
2020-03-02,9.72842025756836,8674491
2020-03-03,9.766758918762207,10681167
2020-03-04,9.603818893432617,10733821
2020-03-05,9.560688972473145,9400209
2020-03-06,9.105419158935547,15103606
2020-03-09,8.976024627685547,21232232
2020-03-10,8.870594024658203,12439238
2020-03-11,8.870594024658203,0
2020-03-12,8.051107406616211,14009569
2020-03-13,8.204461097717285,23886569
2020-03-16,7.571874141693115,10688937
2020-03-17,6.987209796905518,19320910
2020-03-18,6.670917510986328,18338593
2020-03-19,6.431300640106201,20799072
2020-03-20,6.584654808044434,17803541
2020-03-23,6.6277852058410645,16223249
2020-03-24,7.078265190124512,16711163
2020-03-25,7.21245002746582,23187010
2020-03-26,7.52394962310791,14663607
2020-03-27,7.327465534210205,18676931
2020-03-30,7.140565395355225,11297335
2020-03-31,7.269957542419434,11509764
2020-04-01,7.47602653503418,42587216
2020-04-02,7.921713829040527,40088426
2020-04-03,8.137368202209473,44791621
2020-04-06,8.17570686340332,27236972
2020-04-07,8.645355224609375,44029825
2020-04-08,8.712448120117188,24172323
2020-04-09,9.124588012695312,41098043
2020-04-10,8.923309326171875,13487355
2020-04-13,8.674108505249023,20637288
2020-04-14,8.731616020202637,18448871
2020-04-15,8.381776809692383,21317555
2020-04-16,8.161330223083496,21451857
2020-04-17,8.372191429138184,12607154
2020-04-20,8.333853721618652,12689817
2020-04-21,8.09423828125,17354190
2020-04-22,8.204461097717285,24847942
2020-04-24,8.21883773803711,16772385
2020-04-27,8.228423118591309,15793925
2020-04-28,8.266761779785156,16751112
2020-04-29,8.539923667907715,24342759
2020-04-30,8.66452407836914,28562863
2020-05-04,8.295515060424805,19146743
2020-05-05,8.314684867858887,19654355
2020-05-06,8.161330223083496,19462562
2020-05-07,8.146952629089355,13903743
2020-05-08,8.146952629089355,8774801
2020-05-11,8.132575035095215,7093996
2020-05-12,8.161330223083496,10221253
2020-05-13,8.09423828125,10605840
2020-05-14,7.916921138763428,12230092
2020-05-15,7.849828720092773,11046301
2020-05-18,7.825866222381592,19999007
2020-05-20,7.734813213348389,21657489
2020-05-21,7.595834732055664,31631446
2020-05-22,7.691681385040283,54895456
2020-05-27,8.046314239501953,72642850
2020-05-28,8.199668884277344,47502175
2020-05-29,8.209253311157227,21567035
2020-06-01,8.520753860473633,37408924
2020-06-02,8.602224349975586,39942343
2020-06-03,8.444077491760254,28549787
2020-06-04,8.300307273864746,25305301
2020-06-05,8.55909252166748,46532759
2020-06-08,8.55909252166748,40578657
2020-06-09,8.515961647033691,20979252
2020-06-10,8.487207412719727,19493796
2020-06-11,8.338645935058594,20300245
2020-06-12,8.381776809692383,22142379
2020-06-15,8.247591018676758,18009418
2020-06-16,8.372191429138184,26073817
2020-06-17,8.290722846984863,14777322
2020-06-18,8.338645935058594,21753732
2020-06-19,8.491999626159668,46557952
2020-06-22,8.63576889038086,59595494
2020-06-23,8.597432136535645,52469991
2020-06-24,8.549507141113281,28689843
2020-06-25,8.51116943359375,24387566
2020-06-26,8.563884735107422,17625174
2020-06-29,8.611808776855469,19497177
2020-06-30,8.626185417175293,24802281
2020-07-01,8.381776809692383,42356643
2020-07-02,8.434491157531738,26685778
2020-07-03,8.319477081298828,29578780
2020-07-06,8.333853721618652,29403311
2020-07-07,8.51116943359375,80970127
2020-07-08,8.448868751525879,49301245
2020-07-09,8.295515060424805,32584538
2020-07-10,8.214045524597168,27741350
2020-07-13,8.400944709777832,25139933
2020-07-14,8.271554946899414,26580988
2020-07-16,8.329061508178711,26592888
2020-07-17,8.324268341064453,16404836
2020-07-20,8.271554946899414,12314449
2020-07-21,8.28113842010498,41166867
2020-07-22,8.295515060424805,22543738
2020-07-23,8.410531044006348,55937910
2020-07-24,8.362607955932617,15280419
2020-07-27,8.353022575378418,32662434
2020-07-28,8.09423828125,27592061
2020-07-29,7.9025444984436035,32461170
2020-07-30,7.9121294021606445,6736233
2020-08-04,7.576666831970215,35096229
2020-08-05,7.63417387008667,37351930
2020-08-06,7.341842174530029,29631224
2020-08-07,7.480818748474121,37678382
2020-08-10,7.303503513336182,39987479
2020-08-11,7.44248104095459,55512205
2020-08-12,7.452065467834473,71099896
2020-08-13,7.519157409667969,92106294
2020-08-14,7.509573936462402,57839341
2020-08-17,7.744397163391113,60114740
2020-08-18,7.662927150726318,35821555
2020-08-19,8.233214378356934,216715660
2020-08-20,8.832254409790039,334759516
2020-08-21,7.955260276794434,378512680
2020-08-24,8.075068473815918,133477407
2020-08-25,7.945675373077393,69731746
2020-08-26,7.854620456695557,35235585
2020-08-27,8.017560958862305,52248420
2020-08-28,7.955260276794434,64005025
2020-08-31,7.667719841003418,37768843
2020-09-01,7.7587738037109375,36422309
2020-09-02,7.677304744720459,27591844
2020-09-03,7.60062837600708,24847844
2020-09-04,7.672513008117676,28171444
2020-09-07,7.720435619354248,18578455
2020-09-08,7.595834732055664,29271354
2020-09-09,8.12778377532959,144751103
2020-09-10,7.782736301422119,75462576
2020-09-11,7.773151397705078,50359673
2020-09-14,7.811489582061768,26248502
2020-09-15,7.777944564819336,44168544
2020-09-16,7.7635674476623535,21254548
2020-09-17,7.720435619354248,19715276
2020-09-18,7.730020523071289,24378704
2020-09-21,7.567081451416016,21242431
2020-09-22,7.60062837600708,18715543
2020-09-23,7.60062837600708,22335761
2020-09-24,7.6485514640808105,23185008
2020-09-25,7.706058025360107,32262216
2020-09-28,7.610212326049805,18782680
2020-09-29,7.5862507820129395,24984155
2020-09-30,7.638965606689453,21556073
2020-10-01,7.63417387008667,27408892
2020-10-02,7.62938117980957,16703736
2020-10-05,7.662927150726318,15187487
2020-10-06,7.677304744720459,38761240
2020-10-07,7.701267242431641,28663733
2020-10-08,7.854620456695557,100565605
2020-10-09,7.979221820831299,68138329
2020-10-12,7.797112941741943,62644820
2020-10-13,7.701267242431641,24954678
2020-10-14,8.012767791748047,224242662
2020-10-15,7.806697845458984,57447250
2020-10-16,7.9025444984436035,51181032
2020-10-19,7.7683587074279785,34754181
2020-10-20,7.734813213348389,22111257
2020-10-21,7.691681385040283,19497121
2020-10-22,7.63417387008667,22828890
2020-10-23,7.595834732055664,19569025
2020-10-26,7.289126396179199,30095800
2020-10-27,7.432897090911865,28464345
2020-10-28,7.284334182739258,8788101
2020-10-30,7.140565395355225,25321765
2020-11-02,7.236411094665527,25650121
2020-11-03,7.3562188148498535,28736078
2020-11-04,7.44248104095459,28050953
2020-11-05,7.413727760314941,28298046
2020-11-06,7.408934116363525,15652049
2020-11-09,7.8929595947265625,109679843
2020-11-10,8.079861640930176,102438721
2020-11-11,8.381776809692383,88067700
2020-11-12,8.554301261901855,158964442
2020-11-13,8.52554702758789,71991444
2020-11-16,8.535130500793457,75098912
2020-11-17,8.214045524597168,48073200
2020-11-18,8.463245391845703,61846400
2020-11-19,8.611808776855469,80235687
2020-11-20,8.544715881347656,59462900
2020-11-23,8.415322303771973,49099932
2020-11-24,8.640562057495117,66690638
2020-11-25,8.90414047241211,96811190
2020-11-26,8.980816841125488,49208719
2020-11-27,9.057494163513184,98549899
2020-11-30,8.736408233642578,58406929
2020-12-01,8.91851806640625,45832878
2020-12-02,8.908931732177734,40148003
2020-12-03,8.832254409790039,49377986
2020-12-04,8.995193481445312,111606838
2020-12-07,9.24439525604248,128538438
2020-12-08,9.153342247009277,58215682
2020-12-09,9.153342247009277,28942515
2020-12-10,9.35941219329834,48307539
2020-12-11,9.72842025756836,102769457
2020-12-14,10.035128593444824,57712382
2020-12-15,10.399345397949219,81181639
2020-12-16,10.4281005859375,74420647
2020-12-17,10.361007690429688,41820212
2020-12-18,10.32266902923584,32054694
2020-12-21,9.968035697937012,62615924
2020-12-22,10.00637435913086,35121709
2020-12-23,10.32266902923584,42343399
2020-12-24,10.245992660522461,26900713
2020-12-25,10.188483238220215,13293378
2020-12-28,10.332253456115723,36782403
2020-12-29,10.495192527770996,31728816
2020-12-30,10.361007690429688,36297310
2020-12-31,10.418516159057617,20531882
2021-01-04,10.514361381530762,36329083
2021-01-05,10.629376411437988,76892284
2021-01-06,10.725224494934082,44477622
2021-01-07,10.686884880065918,23931670
2021-01-08,10.773146629333496,24056711
2021-01-11,10.581453323364258,32841123
2021-01-12,10.504776954650879,31011519
2021-01-13,10.4281005859375,31994319
2021-01-14,10.543115615844727,37171127
2021-01-15,10.226821899414062,26538743
2021-01-18,10.341836929321289,35256648
2021-01-19,10.389761924743652,29458758
2021-01-20,10.418516159057617,46954502
2021-01-21,10.26516056060791,25124820
2021-01-22,10.245992660522461,24236464
2021-01-25,10.015959739685059,22959181
2021-01-26,9.814682960510254,26517078
2021-01-27,9.48880386352539,39876116
2021-01-28,9.82426643371582,34674745
2021-01-29,9.527142524719238,21712999
2021-02-01,9.512764930725098,20777449
2021-02-02,9.622989654541016,20291292
2021-02-03,9.709251403808594,21149898
2021-02-04,9.709251403808594,28489286
2021-02-05,9.651742935180664,16504880
2021-02-08,9.661328315734863,26453168
2021-02-09,9.968035697937012,53594989
2021-02-10,9.977621078491211,33517827
2021-02-11,10.140560150146484,38568488
2021-02-12,9.833849906921387,32331292
2021-02-15,10.083052635192871,32408978
2021-02-16,9.939282417297363,50086743
2021-02-17,9.785928726196289,30984324
2021-02-18,9.738005638122559,42017010
2021-02-19,9.862605094909668,24607863
2021-02-22,9.670910835266113,23497446
2021-02-23,9.757174491882324,81515203
2021-02-24,9.833849906921387,30500722
2021-02-25,9.862605094909668,39743900
2021-02-26,9.690081596374512,34975171
2021-03-01,10.140560150146484,38308473
2021-03-02,10.313082695007324,58471161
2021-03-03,10.140560150146484,34481440
2021-03-04,10.140560150146484,26246640
2021-03-05,10.226821899414062,47980324
2021-03-08,10.303500175476074,63429814
2021-03-09,10.26516056060791,27824678
2021-03-10,10.226821899414062,23654911
2021-03-11,10.255575180053711,30031190
2021-03-12,10.284330368041992,29346072
2021-03-15,10.198068618774414,18480105
2021-03-16,10.121391296386719,16254700
2021-03-17,9.87218952178955,30007236
2021-03-18,9.805097579956055,27223630
2021-03-19,9.642157554626465,24852443
2021-03-22,8.678901672363281,37165492
2021-03-23,8.496792793273926,46946284
2021-03-24,8.827463150024414,34111119
2021-03-25,9.0479097366333,60107831
2021-03-26,8.971232414245605,29977668
2021-03-29,8.889762878417969,26572805
2021-03-30,8.674108505249023,40600182
2021-03-31,8.626185417175293,26501545
2021-04-01,8.851425170898438,27776245
2021-04-02,8.827463150024414,16575405
2021-04-05,8.84663200378418,13167455
2021-04-06,8.712448120117188,16806041
2021-04-07,8.717240333557129,13122277
2021-04-08,8.626185417175293,13193026
2021-04-09,8.496792793273926,16264066
2021-04-12,8.338645935058594,12856627
2021-04-13,8.28113842010498,16948694
2021-04-14,8.535130500793457,20309681
2021-04-15,8.578261375427246,34796300
2021-04-16,8.554301261901855,18656274
2021-04-19,8.381776809692383,18880596
2021-04-20,8.295515060424805,14152208
2021-04-21,8.146952629089355,21294966
2021-04-22,8.290722846984863,21825034
2021-04-26,8.266761779785156,23073379
2021-04-27,8.290722846984863,21934311
2021-04-28,8.348230361938477,23126971
2021-04-29,8.429699897766113,19112744
2021-04-30,8.410531044006348,24401685
2021-05-03,8.70765495300293,36236914
2021-05-04,8.640562057495117,28326949
2021-05-05,8.750786781311035,44466079
2021-05-06,8.789125442504883,38564162
2021-05-07,9.258772850036621,69239149
2021-05-10,9.234810829162598,38771887
2021-05-11,9.177302360534668,32876900
2021-05-12,9.45046615600586,28828793
2021-05-17,9.699665069580078,40038796
2021-05-18,9.738005638122559,31617705
2021-05-20,9.603818893432617,36373533
2021-05-21,9.862605094909668,51059575
2021-05-24,9.87218952178955,16693159
2021-05-25,9.479219436645508,29370145
2021-05-26,9.507972717285156,43404298
2021-05-27,9.277941703796387,40968893
2021-05-28,9.354619026184082,36728286
2021-05-31,9.330657005310059,23346134
2021-06-01,9.45046615600586,27432902
2021-06-02,9.72842025756836,58152577
2021-06-03,9.87218952178955,41755091
2021-06-04,9.87218952178955,36715308
2021-06-07,9.862605094909668,28360318
2021-06-08,9.910529136657715,30777740
2021-06-09,9.833849906921387,26780824
2021-06-10,9.881775856018066,18841739
2021-06-11,9.939282417297363,39542755
2021-06-14,9.968035697937012,36258810
2021-06-15,9.862605094909668,31324797
2021-06-16,9.87218952178955,27251994
2021-06-17,9.958453178405762,31206483
2021-06-18,9.738005638122559,25639383
2021-06-21,9.546311378479004,27243573
2021-06-22,9.632573127746582,27893719
2021-06-23,9.603818893432617,26030543
2021-06-24,9.59423542022705,14440741
2021-06-25,9.426504135131836,16102023
2021-06-28,9.239603042602539,25075225
2021-06-29,9.158133506774902,28922061
2021-06-30,9.081457138061523,28713097
2021-07-01,9.215641975402832,16810990
2021-07-02,9.167717933654785,18163194
2021-07-05,9.354619026184082,15158157
2021-07-06,9.215641975402832,16036559
2021-07-07,9.234810829162598,13484940
2021-07-08,9.129378318786621,15494479
2021-07-09,9.258772850036621,17819207
2021-07-12,9.057494163513184,17352531
2021-07-13,9.009571075439453,15054872
2021-07-14,9.105419158935547,16129897
2021-07-16,9.081457138061523,10825997
2021-07-19,8.990402221679688,4664205
2021-07-26,8.822670936584473,19031124
2021-07-27,8.851425170898438,19472152
2021-07-28,8.808293342590332,18230023
2021-07-29,9.019156455993652,23116380
2021-07-30,8.990402221679688,20986021
2021-08-02,9.158133506774902,20442079
2021-08-03,9.115002632141113,20364176
2021-08-04,9.062287330627441,19666206
2021-08-05,9.368995666503906,59084816
2021-08-06,9.40733528137207,30137856
2021-08-09,9.402542114257812,24029887
2021-08-10,9.551104545593262,36316217
2021-08-11,9.249188423156738,52512978
2021-08-12,9.421711921691895,70567721
2021-08-13,9.642157554626465,48001695
2021-08-16,9.642157554626465,27132259
2021-08-17,9.843436241149902,45960950
2021-08-18,9.747589111328125,42111069
2021-08-19,9.622989654541016,28527401
2021-08-20,9.503180503845215,41988758
2021-08-23,9.584650039672852,23502381
2021-08-24,9.603818893432617,22595692
2021-08-25,9.536726951599121,30064132
2021-08-26,9.479219436645508,25020226
2021-08-27,9.546311378479004,21606235
2021-08-31,9.747589111328125,50631518
2021-09-01,9.929698944091797,40444824
2021-09-02,10.063883781433105,35945959
2021-09-03,9.939282417297363,31929205
2021-09-06,9.996789932250977,20030353
2021-09-07,9.891359329223633,28330113
2021-09-08,9.785928726196289,30644656
2021-09-09,9.996789932250977,30284247
2021-09-10,9.853020668029785,19528026
2021-09-13,9.929698944091797,24723174
2021-09-14,10.226821899414062,66299023
2021-09-15,10.466439247131348,74855396
2021-09-16,10.361007690429688,33174540
2021-09-17,10.418516159057617,33155689
2021-09-20,10.303500175476074,31461997
2021-09-21,10.514361381530762,51988797
2021-09-22,10.619792938232422,35933737
2021-09-23,10.658130645751953,42483973
2021-09-24,10.619792938232422,37084075
2021-09-27,10.734808921813965,35753340
2021-09-28,10.821069717407227,57412418
2021-09-29,10.801900863647461,35160398
2021-09-30,10.9840087890625,55524329
2021-10-01,10.878578186035156,29073359
2021-10-04,11.118193626403809,44470720
2021-10-05,11.58784294128418,74224948
2021-10-06,11.405734062194824,59807755
2021-10-07,11.79870319366455,49909524
2021-10-08,11.7891206741333,32631053
2021-10-11,12.057490348815918,38724784
2021-10-12,12.172506332397461,37380819
2021-10-13,11.769949913024902,55172418
2021-10-14,11.980812072753906,45937101
2021-10-15,12.364200592041016,47242671
2021-10-18,12.41212272644043,55554135
2021-10-19,12.47921371459961,28147812
2021-10-20,12.6421537399292,40890556
2021-10-21,13.06387710571289,58753919
2021-10-22,13.341835021972656,57056041
2021-10-25,13.591032981872559,41353823
2021-10-26,13.399341583251953,46995718
2021-10-27,13.543112754821777,39760210
2021-10-28,13.399341583251953,9769452
2021-11-01,13.207649230957031,27324675
2021-11-02,13.447265625,34803937
2021-11-03,13.677295684814453,39013296
2021-11-04,13.677295684814453,38629101
2021-11-05,13.926498413085938,48402130
2021-11-08,14.146944999694824,30648562
2021-11-09,14.66451358795166,42963424
2021-11-10,15.134162902832031,51702175
2021-11-11,14.999979019165039,75125883
2021-11-12,14.913716316223145,32397484
2021-11-15,14.750777244567871,52365950
2021-11-16,14.750777244567871,54963699
2021-11-17,15.162918090820312,42682276
2021-11-18,15.124577522277832,49941171
2021-11-19,14.86579418182373,36462769
2021-11-22,15.15333366394043,28566776
2021-11-23,16.1884765625,68865489
2021-11-24,15.32585620880127,69587448
2021-11-25,15.047901153564453,41756085
2021-11-26,14.28113079071045,46335107
2021-11-29,14.894547462463379,38028949
2021-11-30,14.539915084838867,32546703
2021-12-01,15.067070007324219,38543946
2021-12-02,14.95205307006836,24245319
2021-12-03,14.856208801269531,23633603
2021-12-06,15.047901153564453,23267349
2021-12-07,15.651734352111816,34371484
2021-12-08,15.690072059631348,35634221
2021-12-09,15.795503616333008,37331154
2021-12-10,16.581445693969727,56573251
2021-12-13,18.07665252685547,58761731
2021-12-14,18.325851440429688,61315688
2021-12-15,18.555883407592773,45735508
2021-12-16,19.773134231567383,53232669
2021-12-17,17.88495635986328,61961221
2021-12-20,17.702850341796875,43601145
2021-12-21,15.939273834228516,31380958
2021-12-22,14.348222732543945,50067227
2021-12-23,13.696466445922852,81455164
2021-12-24,14.81786823272705,30555966
2021-12-27,14.645345687866211,39666291
2021-12-28,14.338638305664062,26860337
2021-12-29,14.97122573852539,29305843
2021-12-30,14.626176834106445,22036889
2021-12-31,14.798701286315918,22625211
2022-01-03,15.939273834228516,39196843
2022-01-04,16.24598503112793,50476923
2022-01-05,17.146940231323242,43477014
2022-01-06,17.913711547851562,47209372
2022-01-07,17.913711547851562,33196226
2022-01-10,17.93288230895996,38465021
2022-01-11,17.952049255371094,36883476
2022-01-12,18.134159088134766,26342064
2022-01-13,18.124574661254883,33214853
2022-01-14,17.88495635986328,22866207
2022-01-17,18.124574661254883,26540045
2022-01-18,17.13735580444336,20200131
2022-01-19,17.90412712097168,39627469
2022-01-20,17.29071044921875,36454110
2022-01-21,17.175695419311523,35833490
2022-01-24,15.948857307434082,43074283
2022-01-25,16.102214813232422,29617112
2022-01-26,16.006366729736328,25030775
2022-01-27,16.504770278930664,24122574
2022-01-28,16.1693058013916,24738707
2022-01-31,16.40892219543457,21531818
2022-02-01,16.21723175048828,16394686
2022-02-02,16.24598503112793,21726026
2022-02-03,16.044706344604492,17232614
2022-02-04,15.862595558166504,22481557
2022-02-07,16.43767547607422,34094466
2022-02-08,17.60700225830078,55433063
2022-02-09,17.8753719329834,50861356
2022-02-10,18.210838317871094,38162376
2022-02-11,18.9488525390625,57151955
2022-02-14,18.575054168701172,54419456
2022-02-15,18.66131591796875,32936358
2022-02-16,18.747577667236328,38483459
2022-02-17,18.306684494018555,52067806
2022-02-18,18.431283950805664,26466034
2022-02-21,18.153329849243164,29107085
2022-02-22,17.645341873168945,37240770
2022-02-23,17.62617301940918,22323931
2022-02-24,15.996782302856445,28349594
2022-02-25,17.24278450012207,32173365
2022-02-28,18.48879051208496,62375138
2022-03-01,18.50796127319336,32128159
2022-03-02,18.431283950805664,44393580
2022-03-03,18.84342384338379,47374075
2022-03-04,18.737991333007812,32924878
2022-03-07,18.50796127319336,39784710
2022-03-08,18.747577667236328,35998837
2022-03-09,18.785917282104492,39361392
2022-03-10,19.73479652404785,80408132
2022-03-11,19.638946533203125,41299510
2022-03-14,19.43766975402832,16804333
2022-03-15,18.594223022460938,34687751
2022-03-16,18.402530670166016,29657530
2022-03-17,19.00636100769043,48389789
2022-03-18,18.785917282104492,21924049
2022-03-21,19.543102264404297,31743649
2022-03-22,19.80188751220703,37696736
2022-03-23,19.715625762939453,29295609
2022-03-24,19.677288055419922,35222453
2022-03-25,19.773134231567383,16945173
2022-03-28,19.677288055419922,20703165
2022-03-29,19.782718658447266,48404622
2022-03-30,19.782718658447266,19013827
2022-03-31,20.54949188232422,44738057
2022-04-01,21.795494079589844,68435262
2022-04-04,23.185270309448242,59785082
2022-04-05,23.099008560180664,50932126
2022-04-06,23.070255279541016,45756739
2022-04-07,22.84980583190918,35312249
2022-04-08,23.405715942382812,33703439
2022-04-11,23.645336151123047,37257171
2022-04-12,24.277917861938477,49735322
2022-04-13,24.55587387084961,51252012
2022-04-14,24.843414306640625,31662113
2022-04-15,24.89133644104004,18955797
2022-04-18,24.105396270751953,49613830
2022-04-19,24.517536163330078,60254236
2022-04-20,24.3929386138916,42477603
2022-04-21,24.68047523498535,29695939
2022-04-22,24.345012664794922,48279427
2022-04-25,24.86258316040039,38458084
2022-04-26,23.482393264770508,51894465
2022-04-27,23.530317306518555,36291829
2022-04-28,22.81146812438965,29196027
2022-04-29,22.447250366210938,42377762
2022-05-05,23.51114845275879,40530483
2022-05-06,24.46002960205078,55191990
2022-05-09,23.51114845275879,59955476
2022-05-10,23.990381240844727,9994964
2022-05-11,24.134151458740234,54670539
2022-05-12,24.18207550048828,56208313
2022-05-13,24.55587387084961,34650042
2022-05-16,24.603797912597656,32115587
2022-05-17,24.63255500793457,25712911
2022-05-18,24.05747413635254,21854903
2022-05-20,23.76993179321289,16903026
2022-05-23,23.82744026184082,23332358
2022-05-24,23.424884796142578,16719290
2022-05-25,23.90411949157715,17288446
2022-05-26,24.450441360473633,26990397
2022-05-27,23.99996566772461,20264888
2022-05-30,24.82424545288086,28965237
2022-05-31,25.983989715576172,81185468
2022-06-01,26.012741088867188,30068003
2022-06-02,25.974401473999023,24242435
2022-06-03,26.290699005126953,27913396
2022-06-06,26.980791091918945,25767525
2022-06-07,27.450437545776367,21617638
2022-06-08,25.993574142456055,29989519
2022-06-09,26.712421417236328,26439063
2022-06-10,25.7827091217041,18078522
2022-06-13,26.031909942626953,17705646
2022-06-14,25.916894912719727,18133563
2022-06-15,25.629356384277344,13421989
2022-06-16,25.2843074798584,16000614
2022-06-17,25.725202560424805,20792576
2022-06-20,24.95842742919922,33727505
2022-06-21,25.619770050048828,22493016
2022-06-22,25.543094635009766,19156396
2022-06-23,25.55267906188965,24467625
2022-06-24,25.58143424987793,17393915
2022-06-27,26.13734245300293,23401896
2022-06-28,25.61018943786621,28773374
2022-06-29,25.140541076660156,24569797
2022-06-30,25.351402282714844,30546852
2022-07-01,25.734785079956055,27957937
2022-07-04,25.351402282714844,26267381
2022-07-05,24.46002960205078,18210318
2022-07-06,23.463224411010742,35039137
2022-07-07,23.444053649902344,36190679
2022-07-08,23.3002872467041,6827471
2022-07-13,22.35140609741211,23382618
2022-07-14,21.833833694458008,18472391
2022-07-18,23.338624954223633,25911025
2022-07-19,23.444053649902344,27700183
2022-07-20,24.3929386138916,24611972
2022-07-21,23.875362396240234,22405544
2022-07-22,23.77952003479004,18294633
2022-07-25,24.24916648864746,12746027
2022-07-26,24.709230422973633,21295512
2022-07-27,24.67089080810547,18598195
2022-07-28,24.661306381225586,24773413
2022-07-29,25.725202560424805,33813339
2022-08-01,26.166093826293945,29951957
2022-08-02,25.95523452758789,27348475
2022-08-03,26.166093826293945,18688362
2022-08-04,25.916894912719727,24988166
2022-08-05,25.7827091217041,23502031
2022-08-08,26.214017868041992,26537203
2022-08-09,27.28750228881836,46803043
2022-08-10,27.249160766601562,23602719
2022-08-11,27.987180709838867,41745221
2022-08-12,28.14053726196289,25365039
2022-08-15,27.555870056152344,27123292
2022-08-16,28.744367599487305,111099205
2022-08-17,29.28110694885254,53171174
2022-08-18,31.53350067138672,68942468
2022-08-19,31.332223892211914,62908321
2022-08-22,30.977588653564453,45834859
2022-08-23,32.674076080322266,45030370
2022-08-24,32.683658599853516,41891766
2022-08-25,33.41209030151367,33600728
2022-08-26,32.94244384765625,35029974
2022-08-29,34.610172271728516,43688841
2022-08-31,34.437652587890625,38737804
2022-09-01,32.48237991333008,45936590
2022-09-02,32.28110122680664,34763365
2022-09-05,32.348201751708984,50828694
2022-09-06,32.18525695800781,54133198
2022-09-07,32.46321487426758,42174503
2022-09-08,32.1565055847168,40879244
2022-09-09,32.13733673095703,30932692
2022-09-12,32.30985641479492,49331667
2022-09-13,31.57183837890625,58902452
2022-09-14,32.654903411865234,35303170
2022-09-15,32.108577728271484,35540736
2022-09-16,31.89771842956543,29757658
2022-09-19,29.85618782043457,23848608
2022-09-20,29.376955032348633,40426358
2022-09-21,29.3577823638916,32872175
2022-09-22,30.517526626586914,37450805
2022-09-23,29.463212966918945,25362323
2022-09-26,28.821044921875,34408024
2022-09-27,28.27471923828125,31500266
2022-09-28,28.226795196533203,35968149
2022-09-29,28.32264518737793,43228346
2022-09-30,27.757150650024414,35662172
2022-10-03,30.527114868164062,51585086
2022-10-04,32.1565055847168,44222388
2022-10-05,32.53989028930664,57365693
2022-10-06,33.25873947143555,38147249
2022-10-07,33.20123291015625,23415455
2022-10-10,33.067047119140625,21046151
2022-10-11,32.923274993896484,22671551
2022-10-12,32.30027389526367,26265155
2022-10-13,31.686859130859375,30895221
2022-10-14,32.02231979370117,35933828
2022-10-17,35.031898498535156,72402547
2022-10-18,34.38972854614258,67328023
2022-10-19,34.50474166870117,70518525
2022-10-20,35.29068374633789,78989778
2022-10-21,36.42167663574219,61823573
2022-10-24,36.53668975830078,48782433
2022-10-25,35.89451599121094,39142355
2022-10-26,35.26192855834961,51652629
2022-10-27,35.73158264160156,51873514
2022-10-28,35.04148483276367,24222093
2022-10-31,36.325828552246094,43560636
2022-11-01,37.3801383972168,44915388
2022-11-02,37.859371185302734,48362440
2022-11-03,39.05744934082031,91809046
2022-11-04,41.04147720336914,70644385
2022-11-07,42.93923568725586,86237179
2022-11-08,42.364158630371094,73832654
2022-11-09,41.27151107788086,42433461
2022-11-10,41.568626403808594,48013455
2022-11-11,41.24275207519531,57763713
2022-11-14,41.175662994384766,35798518
2022-11-15,41.93284606933594,57321404
2022-11-16,41.06064224243164,51238026
2022-11-17,40.62933349609375,42165305
2022-11-18,40.792274475097656,39882150
2022-11-21,41.48236846923828,40565742
2022-11-22,45.14370346069336,68750563
2022-11-23,45.153289794921875,56778799
2022-11-24,44.82741165161133,46174429
2022-11-25,45.402488708496094,38850049
2022-11-28,45.124534606933594,47311222
2022-11-29,46.14051055908203,45203389
2022-11-30,46.130924224853516,52146423
2022-12-01,46.485557556152344,53905222
2022-12-02,46.11175537109375,39873645
2022-12-05,45.35456848144531,47608610
2022-12-06,46.236358642578125,49890218
2022-12-07,44.089393615722656,46394866
2022-12-08,41.77949523925781,84301560
2022-12-09,41.92326354980469,65169027
2022-12-12,43.62933349609375,56089740
2022-12-13,45.153289794921875,42733600
2022-12-14,43.33220672607422,49779835
2022-12-15,43.84019088745117,41806520
2022-12-16,43.4184684753418,8222074
2022-12-19,44.95201110839844,45712030
2022-12-20,45.35456848144531,48623715
2022-12-21,45.757118225097656,41922314
2022-12-22,45.536678314208984,30496305
2022-12-23,47.06063461303711,46572519
2022-12-26,48.76670455932617,50482943
2022-12-27,48.5270881652832,38107769
2022-12-28,48.60376739501953,46127424
2022-12-29,48.54625701904297,34208706
2022-12-30,50.7890625,72910957
2023-01-02,51.25871276855469,46616787
2023-01-03,50.2714958190918,60276335
2023-01-04,49.12133026123047,46869592
2023-01-05,47.884910583496094,44271297
2023-01-06,48.718780517578125,59133396
2023-01-09,47.99993133544922,47545106
2023-01-10,45.55584716796875,40769736
2023-01-11,45.33539962768555,65981097
2023-01-12,49.27469253540039,71934191
2023-01-13,48.900882720947266,48584984
2023-01-16,51.785865783691406,60445973
2023-01-17,54.59416961669922,78754634
2023-01-18,56.16605758666992,62191143
2023-01-19,55.98394012451172,45620820
2023-01-20,57.09576416015625,42360416
2023-01-23,58.4184455871582,63335881
2023-01-24,59.62611389160156,68266625
2023-01-25,60.09575653076172,75848633
2023-01-26,58.96476364135742,39347098
2023-01-27,60.833778381347656,90851495
2023-01-30,57.920040130615234,52877587
2023-01-31,56.68362808227539,62122389
2023-02-01,53.93282699584961,51911083
2023-02-02,52.878509521484375,98560889
2023-02-03,57.41206359863281,49809802
2023-02-06,55.48554229736328,14828387
2023-02-07,50.09896469116211,43691403
2023-02-08,46.72517395019531,252
2023-02-15,55.10215759277344,4078655
2023-02-16,60.42163848876953,76330240
2023-02-17,59.80821990966797,45569874
2023-02-20,59.07020568847656,40041771
2023-02-21,57.89128875732422,42239120
2023-02-22,56.26189422607422,33442955
2023-02-23,56.2139778137207,27232919
2023-02-24,57.469566345214844,45434221
2023-02-27,57.507904052734375,39993289
2023-02-28,56.8465576171875,40042604
2023-03-01,57.48873519897461,30954581
2023-03-02,57.757102966308594,27837537
2023-03-03,58.51429748535156,51836533
2023-03-06,59.65486526489258,52609060
2023-03-07,61.907264709472656,50956640
2023-03-08,61.72515106201172,31414978
2023-03-09,61.245914459228516,28925204
2023-03-10,60.27729797363281,33436466
2023-03-13,59.22486114501953,25078431
2023-03-14,57.28509521484375,25728395
2023-03-15,58.49229049682617,56478065
2023-03-16,59.348670959472656,34472452
2023-03-17,57.295413970947266,29157786
2023-03-20,55.02546691894531,30969911
2023-03-21,54.79847717285156,29028265
2023-03-22,56.59379196166992,25999036
2023-03-23,56.40807342529297,18509127
2023-03-24,55.077056884765625,20348790
2023-03-27,54.05558395385742,16438562
2023-03-28,52.86902618408203,28563766
2023-03-29,55.35565185546875,34133624
2023-03-30,55.613590240478516,28261464
2023-03-31,54.69529724121094,32859988
2023-04-03,58.234336853027344,50744176
2023-04-04,59.26097869873047,35895268
2023-04-05,57.383113861083984,26692146
2023-04-06,56.046939849853516,24185354
2023-04-07,55.433021545410156,18275008
2023-04-10,56.91365432739258,16039443
2023-04-11,56.55252456665039,18006892
2023-04-12,56.40807342529297,16920172
2023-04-13,56.119171142578125,17674460
2023-04-14,55.252464294433594,13492347
2023-04-17,53.84407043457031,16172324
2023-04-18,53.049583435058594,16762848
2023-04-19,54.42186737060547,18707484
2023-04-20,53.374603271484375,5580274
2023-04-24,53.12181091308594,14288174
2023-04-25,52.002315521240234,14432177
2023-04-26,50.12446212768555,21731908
2023-04-27,50.01612091064453,17667393
2023-04-28,47.885467529296875,24593721
2023-05-02,47.19932556152344,24235106
2023-05-03,49.83555603027344,38031812
2023-05-04,48.21048355102539,32156506
2023-05-05,46.87431335449219,19559518
2023-05-08,48.21048355102539,19428323
2023-05-09,47.09098434448242,22387077
2023-05-10,46.946537017822266,19602729
2023-05-11,51.64119338989258,54579075
2023-05-12,51.280067443847656,44790062
2023-05-15,46.36872863769531,34856015
2023-05-16,48.102142333984375,24036918
2023-05-17,49.185523986816406,21785090
2023-05-18,47.343780517578125,14905194
2023-05-22,46.224281311035156,17265883
2023-05-23,47.37989044189453,16368602
2023-05-24,46.513187408447266,13361003
2023-05-25,46.152061462402344,11457931
2023-05-26,47.452117919921875,18080595
2023-05-29,49.257747650146484,21289628
2023-05-30,50.196685791015625,28196381
2023-05-31,48.391048431396484,31127796
2023-06-01,48.860511779785156,17736087
2023-06-02,50.305023193359375,27153678
2023-06-05,52.79680252075195,47679035
2023-06-06,52.94124984741211,33641827
2023-06-07,55.9385986328125,47024991
2023-06-08,56.08305740356445,34930410
2023-06-09,55.97471618652344,27757915
2023-06-12,55.75803756713867,32632096
2023-06-13,53.44683074951172,27849750
2023-06-14,52.002315521240234,24676185
2023-06-15,53.73573303222656,24290237
2023-06-16,52.760684967041016,24600226
2023-06-19,51.93009567260742,25297180
2023-06-20,52.72457504272461,25854650
2023-06-21,52.255104064941406,20621862
2023-06-22,54.27742004394531,38448602
2023-06-23,55.433021545410156,32464682
2023-06-26,57.0580940246582,36874265
2023-06-27,57.274776458740234,10089056
2023-07-03,61.391624450683594,51176803
2023-07-04,60.669368743896484,32417899
2023-07-05,61.13883972167969,43069567
2023-07-06,63.594505310058594,54867579
2023-07-07,65.58070373535156,40854540
2023-07-10,65.400146484375,36853865
2023-07-11,65.47236633300781,29800044
2023-07-12,65.4362564086914,27083174
2023-07-13,64.31675720214844,38672230
2023-07-14,63.99174499511719,27105489
2023-07-17,65.07511901855469,32762485
2023-07-18,62.47500228881836,29876602
2023-07-19,64.60565948486328,23650124
2023-07-20,65.72515106201172,41038751
2023-07-21,66.01405334472656,51285128
2023-07-24,66.33906555175781,60367038
2023-07-25,67.49467468261719,59726188
2023-07-26,67.38633728027344,41484868
2023-07-27,69.7336654663086,52207421
2023-07-28,71.43096160888672,44496689
2023-07-31,74.68109893798828,43985321
2023-08-01,73.16437530517578,40853336
2023-08-02,73.52550506591797,26418797
2023-08-03,71.86430358886719,28619083
2023-08-04,74.89777374267578,39049860
2023-08-07,75.18668365478516,32819785
2023-08-08,73.52550506591797,23349453
2023-08-09,77.28121948242188,53730094
2023-08-10,75.69226837158203,52384327
2023-08-11,80.17023468017578,51199402
2023-08-14,83.05925750732422,58652057
2023-08-15,82.62590026855469,39734811
2023-08-16,86.09272003173828,72191107
2023-08-17,88.83729553222656,50374779
2023-08-18,91.72630310058594,95839026
2023-08-21,100.89893341064453,80568342
2023-08-22,100.39337158203125,95811624
2023-08-23,93.53195190429688,76481555
2023-08-24,91.72630310058594,69071856
2023-08-25,96.42096710205078,52466685
2023-08-28,106.02693939208984,68558919
2023-08-29,102.70458221435547,55032530
2023-08-31,101.91011047363281,48244819
2023-09-01,103.06571197509766,45083407
2023-09-04,104.6546630859375,58183792
2023-09-05,106.02693939208984,31437636
2023-09-06,104.00463104248047,31593002
2023-09-07,104.58244323730469,25815979
2023-09-08,103.86019134521484,23310400
2023-09-11,101.26006317138672,22964980
2023-09-12,102.8490219116211,34950970
2023-09-13,101.8378677368164,26298160
2023-09-14,104.36576080322266,39172204
2023-09-15,102.1989974975586,29482476
2023-09-18,100.03224182128906,31212147
2023-09-19,104.6546630859375,44903775
2023-09-20,102.05455017089844,27668323
2023-09-21,106.74920654296875,52219463
2023-09-22,111.29940795898438,64996210
2023-09-25,119.89424133300781,60010491
2023-09-26,122.56658935546875,63037486
2023-09-27,118.2330551147461,51753807
2023-09-28,118.44972229003906,39184217
2023-09-29,126.44255065917969,41367361
2023-10-02,125.0906753540039,31791261
2023-10-03,123.26161193847656,30047777
2023-10-04,117.53591918945312,46176335
2023-10-05,120.16019439697266,47961896
2023-10-06,117.45638275146484,27834386
2023-10-09,117.61542510986328,48135325
2023-10-10,117.37687683105469,31693734
2023-10-11,114.83209991455078,26379361
2023-10-12,117.05877685546875,44457729
2023-10-13,116.5020980834961,31513127
2023-10-16,111.73068237304688,34579843
2023-10-17,114.83209991455078,31082165
2023-10-18,112.287353515625,42214291
2023-10-19,106.08450317382812,41332175
2023-10-20,102.82404327392578,38475179
2023-10-23,107.59546661376953,34743901
2023-10-24,108.94735717773438,28363006
2023-10-25,102.18785858154297,33509671
2023-10-26,108.07260131835938,54118414
2023-10-27,110.21974182128906,33939163
2023-10-30,112.44640350341797,39372877
2023-10-31,112.84402465820312,45641902
2023-11-01,115.30924987792969,47045294
2023-11-02,117.29734802246094,35550579
2023-11-03,118.96735382080078,47257789
2023-11-06,121.83019256591797,37485313
2023-11-07,118.49019622802734,29778483
2023-11-08,119.52400207519531,31731759
2023-11-09,119.76258087158203,21466260
2023-11-10,119.12638854980469,20933439
2023-11-13,116.89972686767578,24823411
2023-11-14,121.03496551513672,27941090
2023-11-15,120.63733673095703,20403402
2023-11-16,122.54591369628906,29474030
2023-11-17,122.06876373291016,22031504
2023-11-20,122.1482925415039,23079773
2023-11-21,122.86399841308594,23006287
2023-11-22,123.73875427246094,39783036
2023-11-23,119.20590209960938,30329734
2023-11-24,119.68304443359375,23683509
2023-11-27,124.05684661865234,25688361
2023-11-28,124.05684661865234,25674233
2023-11-29,123.18209838867188,25001562
2023-11-30,121.59160614013672,18842786
2023-12-01,121.90972137451172,23383507
2023-12-04,122.54591369628906,21285003
2023-12-05,123.10255432128906,15225645
2023-12-06,119.20590209960938,17887661
2023-12-07,123.26161193847656,29147717
2023-12-08,121.35306549072266,16584412
2023-12-11,118.33116149902344,17300208
2023-12-12,116.89972686767578,31788017
2023-12-13,114.59355163574219,27507598
2023-12-14,120.63733673095703,23827358
2023-12-15,120.2397232055664,17694777
2023-12-18,116.34306335449219,13274652
2023-12-19,117.13829803466797,20293598
2023-12-20,119.04685974121094,21757044
2023-12-21,121.27352142333984,22650699
2023-12-22,115.15021514892578,22843360
2023-12-25,110.537841796875,25921321
2023-12-26,114.11640930175781,23588039
2023-12-27,116.26353454589844,21222616
2023-12-28,114.99116516113281,19442695
2023-12-29,113.71878051757812,17245152
2024-01-02,114.5140151977539,17310968
2024-01-03,111.73068237304688,22428898
2024-01-04,114.27544403076172,22304645
2024-01-05,114.35498046875,10850101
2024-01-08,111.33306884765625,37177559
2024-01-09,109.82212829589844,18400739
2024-01-10,111.09449768066406,22985945
2024-01-11,111.0149917602539,19507753
2024-01-12,111.09449768066406,20433395
2024-01-15,112.04878234863281,17635206
2024-01-16,113.87781524658203,24448071
2024-01-17,113.00306701660156,17272870
2024-01-18,111.25354766845703,14070864
2024-01-19,110.77641296386719,16493260
2024-01-22,112.287353515625,18154034
2024-01-23,111.33306884765625,15544543
2024-01-24,113.3211669921875,14288729
2024-01-25,115.15021514892578,18689191
2024-01-26,117.37687683105469,20729612
2024-01-29,121.1144790649414,31073336
2024-01-30,119.52400207519531,20109661
2024-01-31,119.28543090820312,24226703
2024-02-01,123.02304077148438,30376131
2024-02-02,123.50019836425781,22338762
2024-02-05,123.34114074707031,20771078
2024-02-06,122.86399841308594,25400417
2024-02-07,122.70494079589844,35171723
2024-02-08,125.48828125,39577934
2024-02-09,125.40875244140625,25534052
2024-02-12,129.4644775390625,56442391
2024-02-13,127.7149429321289,37133720
2024-02-14,130.8958740234375,38001330
2024-02-15,133.12254333496094,31452926
2024-02-16,132.80445861816406,25007370
2024-02-19,137.57586669921875,50102111
2024-02-20,136.22398376464844,30292822
2024-02-21,131.37303161621094,31679241
2024-02-22,130.4187469482422,24782609
2024-02-23,130.49826049804688,20211740
2024-02-26,127.7149429321289,22704009
2024-02-27,127.39684295654297,25318570
2024-02-28,128.43064880371094,26611541
2024-02-29,128.66921997070312,21883848
2024-03-01,131.054931640625,23876275
2024-03-04,128.3511199951172,22191761
2024-03-05,131.2935028076172,38992216
2024-03-06,134.39491271972656,41546847
2024-03-07,136.06492614746094,21714987
2024-03-08,135.34921264648438,18232683
2024-03-11,133.04302978515625,22031483
2024-03-12,131.8501739501953,23649224
2024-03-13,129.7825469970703,19323404
2024-03-14,131.5320587158203,18138218
2024-03-15,129.62350463867188,17475663
2024-03-18,131.37303161621094,27551908
2024-03-19,138.13253784179688,29599229
2024-03-20,136.62159729003906,22793374
2024-03-21,138.37110900878906,22397041
2024-03-22,136.78062438964844,17238664
2024-03-25,135.19015502929688,24050049
2024-03-26,134.7130126953125,19164428
2024-03-27,134.9515838623047,17248690
2024-03-28,140.67727661132812,23371656
2024-03-29,140.75680541992188,17100213
2024-04-01,141.9496612548828,25052993
2024-04-02,139.8025360107422,23885664
2024-04-03,137.58822631835938,20792306
2024-04-04,143.5886688232422,23027062
2024-04-05,151.87100219726562,27072841
2024-04-08,154.74447631835938,25779239
2024-04-15,154.6599578857422,28306222
2024-04-16,157.1953582763672,29002654
2024-04-17,157.61795043945312,23811116
2024-04-18,157.11085510253906,16127772
2024-04-19,160.4914093017578,32120707
2024-04-22,159.3082275390625,20895469
2024-04-24,158.71661376953125,18470678
2024-04-25,160.2378692626953,17058025
2024-04-26,162.3507080078125,20163788
2024-04-29,165.64674377441406,18540379
2024-04-30,165.4777069091797,19613518
2024-05-02,172.40782165527344,33006207
2024-05-03,170.12596130371094,12683448
2024-05-06,169.44985961914062,13631366
2024-05-07,167.59056091308594,25356182
2024-05-08,162.8577880859375,17697100
2024-05-09,159.8153076171875,22206064
2024-05-10,158.20953369140625,18869552
2024-05-13,156.18121337890625,21146141
2024-05-14,155.1670379638672,22560329
2024-05-15,153.3922576904297,19892765
2024-05-16,152.80067443847656,25634272
2024-05-17,159.8153076171875,55457790
2024-05-20,162.18167114257812,46950480
2024-05-21,164.3790283203125,58135963
2024-05-22,164.7170867919922,27933479
2024-05-23,162.5197296142578,48582283
2024-05-24,160.8294677734375,15673330
2024-05-27,159.9843292236328,15783109
2024-05-28,158.4630889892578,12636148
2024-05-29,157.02635192871094,14688899
2024-05-30,154.57545471191406,18768300
2024-05-31,149.33560180664062,32142351
2024-06-03,146.96922302246094,32734344
2024-06-04,142.49000549316406,28853214
2024-06-05,141.13778686523438,37923214
2024-06-06,138.2643280029297,28556100
2024-06-07,138.51785278320312,23153727
2024-06-10,137.1656494140625,28287132
2024-06-11,135.98245239257812,32965759
2024-06-12,138.6023712158203,37397939
2024-06-13,140.37716674804688,24388186
2024-06-14,141.13778686523438,22649101
2024-06-20,145.447998046875,27520398
2024-06-21,144.34930419921875,16475635
2024-06-24,145.02542114257812,22144247
2024-06-25,143.5886688232422,17193453
2024-06-26,139.78555297851562,18047544
2024-06-27,142.5745086669922,22485335
2024-06-28,139.8700714111328,27583986
2024-07-01,138.433349609375,28407123
2024-07-02,137.25015258789062,24181338
2024-07-03,142.2364501953125,26995521
2024-07-04,147.1382598876953,31245884
2024-07-05,146.54664611816406,23022004
2024-07-08,145.10992431640625,21244507
2024-07-09,142.65902709960938,22489346
2024-07-10,141.98292541503906,18553324
2024-07-11,144.18026733398438,16350083
2024-07-12,142.32098388671875,18704295
2024-07-16,140.71522521972656,20809458
2024-07-17,140.5461883544922,19105663
2024-07-18,140.461669921875,27454387
2024-07-19,139.447509765625,20444099
2024-07-22,137.92625427246094,21047360
2024-07-23,139.02493286132812,38320256
2024-07-24,137.75723266601562,23176768
2024-07-25,136.32049560546875,16829269
2024-07-26,138.0952911376953,20719195
2024-07-29,137.33465576171875,16937319
2024-07-30,136.5740509033203,16473297
2024-07-31,138.01077270507812,25320978
2024-08-01,138.8559112548828,18856894
2024-08-02,134.4612274169922,19238114
2024-08-05,129.8974609375,29395952
2024-08-06,133.5315399169922,33670789
2024-08-07,137.67271423339844,22408368
2024-08-08,139.447509765625,22668326
2024-08-09,138.01077270507812,20216274
2024-08-12,136.74307250976562,20053125
2024-08-13,137.08111572265625,17306058
2024-08-14,134.37667846679688,14863342
2024-08-15,137.419189453125,17220668
2024-08-16,136.65853881835938,16484408
2024-08-19,139.61654663085938,17146018
2024-08-20,138.6023712158203,15308255
2024-08-21,139.3629913330078,22231973
2024-08-22,138.2643280029297,16606826
2024-08-23,136.0669708251953,12956961
2024-08-26,136.0669708251953,20312459
2024-08-27,139.1939697265625,17496059
2024-08-28,139.78555297851562,16410176
2024-08-29,142.49000549316406,34037602
2024-09-02,144.18026733398438,24671211
2024-09-03,141.22230529785156,20254680
2024-09-04,139.447509765625,16201473
2024-09-05,137.25015258789062,15828867
2024-09-06,136.912109375,13684646
2024-09-09,136.32049560546875,15830494
2024-09-10,135.3063507080078,15272437
2024-09-11,131.67225646972656,22881457
2024-09-12,132.43287658691406,23564267
2024-09-13,137.419189453125,22426683
2024-09-16,138.0952911376953,14641974
2024-09-17,139.5320281982422,14367467
2024-09-18,139.1094512939453,14940373
2024-09-19,142.8280487060547,19620046
2024-09-20,140.20811462402344,17591517
2024-09-23,142.40548706054688,20210083
2024-09-24,144.43380737304688,25015028
2024-09-25,142.8280487060547,21072676
2024-09-26,143.67318725585938,25044062
2024-09-27,144.16123962402344,21516076
2024-09-30,141.0707550048828,14282677
2024-10-01,141.0707550048828,28026095
2024-10-02,139.5255126953125,18762282
2024-10-03,136.79864501953125,17036999
2024-10-04,140.43447875976562,14959676
2024-10-07,138.16207885742188,13271645
2024-10-08,139.70730590820312,16719050
2024-10-09,139.071044921875,13449977
2024-10-10,136.3441619873047,11104182
2024-10-11,134.70802307128906,14641255
2024-10-14,132.2538299560547,14598867
2024-10-15,132.4356231689453,23138970
2024-10-16,133.799072265625,15772874
2024-10-17,133.98085021972656,16219198
2024-10-18,131.79934692382812,14815535
2024-10-21,131.5266571044922,13764779
2024-10-22,132.70831298828125,17566565
2024-10-23,130.61769104003906,16133365
2024-10-24,132.70831298828125,12243680
2024-10-25,132.79920959472656,11194065
2024-10-28,135.43519592285156,6684465
2024-10-30,134.70802307128906,12973842
2024-10-31,131.43577575683594,13116692
2024-11-01,131.8902587890625,13600046
2024-11-04,129.6178436279297,10421616
2024-11-05,128.25442504882812,23596320
2024-11-06,131.25396728515625,18838706
2024-11-07,131.7084503173828,11033271
2024-11-08,133.5263671875,24658493
2024-11-11,132.70831298828125,19270245
2024-11-12,130.890380859375,13306625
2024-11-13,132.89010620117188,26905607
2024-11-14,134.43533325195312,19364230
2024-11-15,134.6171417236328,12154869
2024-11-18,133.799072265625,13402313
2024-11-19,130.4359130859375,20234956
2024-11-20,127.9817123413086,12724460
2024-11-21,131.7084503173828,16801106
2024-11-22,133.0718994140625,21517827
2024-11-25,134.98072814941406,26560741
2024-11-26,134.2535400390625,13472575
2024-11-27,133.1627960205078,14741691
2024-11-28,133.98085021972656,10641982
2024-11-29,133.799072265625,13396812
2024-12-02,133.8899688720703,14381773
2024-12-03,135.16250610351562,21305106
2024-12-04,138.52565002441406,30793486
2024-12-05,137.43490600585938,16996482
2024-12-06,138.2529754638672,14109310
2024-12-09,140.43447875976562,19841282
2024-12-10,139.97999572753906,22447878
2024-12-11,140.07090759277344,14007731
2024-12-12,137.1622314453125,16662986
2024-12-13,137.43490600585938,12178200
2024-12-16,135.07162475585938,12030551
2024-12-17,134.98072814941406,12319536
2024-12-18,132.9810028076172,10913663
2024-12-19,131.25396728515625,9915380
2024-12-20,132.2538299560547,11711535
2024-12-23,130.25411987304688,11288846
2024-12-24,129.52694702148438,10116339
2024-12-25,130.70860290527344,8759522
2024-12-26,130.61769104003906,14969425
2024-12-27,131.07217407226562,11510498
2024-12-30,129.52694702148438,7989669
2024-12-31,128.9815673828125,12764505
2025-01-02,132.79920959472656,22678649
2025-01-03,136.3441619873047,21470510
2025-01-06,134.2535400390625,15206475
2025-01-07,133.0718994140625,19044409
2025-01-08,131.1630859375,17833022
2025-01-09,132.34474182128906,14033307
2025-01-10,130.4359130859375,16906169
2025-01-13,130.7994842529297,24826602
2025-01-14,131.79934692382812,26429927
2025-01-15,133.61727905273438,19827675
2025-01-16,134.98072814941406,17000269
2025-01-17,134.6171417236328,13609611
2025-01-20,132.34474182128906,18082021
2025-01-21,129.6178436279297,23296130
2025-01-22,131.34486389160156,18575959
2025-01-23,130.5268096923828,19692827
2025-01-24,130.1632080078125,14731292
2025-01-27,127.79993438720703,16767909
2025-01-28,127.43633270263672,22451197
2025-01-29,127.07276153564453,20562291
2025-01-30,128.79978942871094,19644248
2025-01-31,128.34530639648438,14326162
2025-02-03,125.98200988769531,20210703
2025-02-04,125.07304382324219,21699451
2025-02-05,125.43663024902344,22426708
2025-02-06,127.2545394897461,14304402
2025-02-07,128.9815673828125,17554560
2025-02-10,126.34559631347656,17002148
2025-02-11,125.61842346191406,16314370
2025-02-12,123.98228454589844,18355984
2025-02-13,122.89153289794922,24102220
2025-02-14,121.9825668334961,20261216
2025-02-17,121.2553939819336,19497184
2025-02-18,118.25584411621094,41380566
2025-02-19,114.25640869140625,37594544
2025-02-20,116.07432556152344,21997856
2025-02-21,114.16551208496094,25566791
2025-02-24,114.52909088134766,15180646
2025-02-25,112.2566909790039,19673967
2025-02-26,113.98371887207031,18812485
2025-02-27,116.98328399658203,21114924
2025-02-28,117.2559814453125,22294341
2025-03-03,117.16507720947266,26261217
2025-03-04,114.52909088134766,19990185
2025-03-05,117.80136108398438,32814818
2025-03-06,125.07304382324219,39301500
2025-03-07,126.8909683227539,35416165
2025-03-10,128.79978942871094,31977501
2025-03-11,128.79978942871094,24035491
2025-03-12,130.61769104003906,37855274
2025-03-13,130.890380859375,26187895
2025-03-14,131.25396728515625,22887651
2025-03-17,132.79920959472656,28481547
2025-03-18,131.79934692382812,22171613
2025-03-19,125.25483703613281,41835518
2025-03-20,128.9815673828125,33369766
2025-03-21,123.255126953125,31740085
2025-03-24,125.43663024902344,26639881
2025-03-25,128.9815673828125,27936762
2025-03-26,129.52694702148438,17725387
2025-03-27,129.25425720214844,17431238
2025-03-28,132.70156860351562,22483576
2025-04-02,129.81674194335938,14175097
2025-04-03,130.77835083007812,18976980
2025-04-04,129.1436309814453,10993281
2025-04-07,128.0858612060547,19011135
2025-04-08,124.52791595458984,18060733
2025-04-09,122.22006225585938,19774917
2025-04-10,123.37399291992188,15534712
2025-04-11,123.47014617919922,12478081
2025-04-14,123.18167877197266,10979605
2025-04-15,122.1239013671875,10497399
2025-04-16,120.10453796386719,12886091
2025-04-17,119.9122085571289,14989077
2025-04-18,120.10453796386719,10197660
2025-04-21,119.14292907714844,17261613
2025-04-22,119.71989440917969,11991494
2025-04-24,120.48918151855469,12337380
2025-04-25,120.48918151855469,9654108
2025-04-28,119.23908996582031,10384355
2025-04-29,120.2968521118164,14327907
2025-04-30,119.9122085571289,20859459
2025-05-02,120.00837707519531,9820221
2025-05-05,118.75828552246094,8456743
2025-05-06,115.00801849365234,21565294
2025-05-07,113.08480834960938,16554851
2025-05-08,123.27783203125,27958665
2025-05-09,123.75862884521484,49310702
2025-05-12,129.33595275878906,25607101
2025-05-13,130.00906372070312,14191780
2025-05-14,130.10523986816406,12574029
2025-05-15,126.64344787597656,16441484
2025-05-16,129.1436309814453,14528772
2025-05-20,125.4895248413086,12245947
2025-05-21,124.23943328857422,11140674
2025-05-22,123.9509506225586,10638128
2025-05-23,123.66248321533203,9948244
2025-05-26,123.85479736328125,7730991
2025-05-27,121.25846099853516,8590624
2025-05-28,121.25846099853516,8343983
2025-05-29,121.16230010986328,8009620
2025-05-30,119.23908996582031,10864453
2025-06-02,118.75828552246094,8626006
2025-06-03,122.1239013671875,10347166
2025-06-04,127.89353942871094,13125217
2025-06-05,125.77800750732422,3873294
2025-06-10,126.06649017333984,11379298
2025-06-11,126.64344787597656,15802741
2025-06-12,125.97032928466797,20326978
2025-06-13,126.2588119506836,29518169
2025-06-16,124.81640625,26618824
2025-06-17,129.6244354248047,30394111
2025-06-18,131.73995971679688,32518265
2025-06-19,138.2788848876953,33796070
2025-06-20,139.0481719970703,28696384
2025-06-23,142.70225524902344,42383643
2025-06-24,132.0284423828125,48477744
2025-06-25,129.23977661132812,22467475
2025-06-26,128.56666564941406,16398898
2025-06-27,130.77835083007812,22687941
2025-06-30,134.62477111816406,36758861
2025-07-01,136.25950622558594,23128083
2025-07-02,139.14431762695312,30597618
2025-07-03,140.779052734375,20802107
2025-07-04,141.54833984375,18296201
2025-07-07,140.58673095703125,16386969
2025-07-08,135.10557556152344,19671759
2025-07-09,140.3944091796875,20792655
2025-07-10,144.4331512451172,17195784
2025-07-11,150.20278930664062,36243888
2025-07-14,149.5296630859375,26120698
2025-07-16,146.6448516845703,19327192
2025-07-17,151.26055908203125,16952608
2025-07-18,153.9530487060547,27182340
2025-07-21,160.58811950683594,25183775
2025-07-22,161.16510009765625,18158266
2025-07-23,158.76107788085938,15472475
2025-07-24,160.2996368408203,15073323
2025-07-25,160.68429565429688,13533253
2025-07-28,158.18411254882812,11843163
2025-07-29,156.35707092285156,15363480
2025-07-30,158.6649169921875,26454825
2025-07-31,162.41517639160156,28986082
2025-08-01,159.5303497314453,13285972
2025-08-04,157.60714721679688,16159066
2025-08-05,159.33804321289062,22058603
2025-08-06,160.58811950683594,14674108
2025-08-07,157.99179077148438,14490485
2025-08-08,157.70330810546875,10343447
2025-08-11,158.08795166015625,13004702
2025-08-12,154.81849670410156,14319344
2025-08-13,157.03018188476562,11752056
2025-08-14,153.8568878173828,12435118
2025-08-15,156.45321655273438,13437740
2025-08-18,154.91465759277344,10164843
2025-08-19,154.04920959472656,15113875
2025-08-20,157.70330810546875,21578529
2025-08-21,161.9343719482422,22421781
2025-08-22,166.06927490234375,29438572
2025-08-25,166.16543579101562,18569633
2025-08-26,165.0115203857422,19136798
2025-08-27,164.5307159423828,17651957
2025-08-28,164.43455505371094,13549874
2025-08-29,165.58847045898438,24772954
2025-09-01,166.55007934570312,20455877
2025-09-02,163.56910705566406,39028838
2025-09-03,164.33837890625,22960309
2025-09-04,162.3190155029297,20741653
2025-09-05,161.0689239501953,14976518
2025-09-08,159.5303497314453,16044058
2025-09-09,161.8382110595703,24781686
2025-09-10,163.95375061035156,17327833
2025-09-11,168.28097534179688,36235969
2025-09-12,166.74240112304688,22154286
2025-09-15,176.64694213867188,35308117
2025-09-16,181.7434539794922,27522682
2025-09-17,182.89736938476562,14312918
2025-09-18,184.05130004882812,18538290
2025-09-19,187.51307678222656,19364215
2025-09-22,188.1862030029297,17349596
2025-09-23,188.09005737304688,16787076
2025-09-24,190.0132598876953,18512622
2025-09-25,192.89808654785156,21561231
2025-09-26,185.39755249023438,23552025
2025-09-29,185.87835693359375,19432437
2025-09-30,186.5,21490118
2025-10-01,191.5,24827430
2025-10-02,191.0,13651150
2025-10-03,185.10000610351562,15210139
2025-10-06,182.0,15079995
2025-10-07,180.60000610351562,16770813
2025-10-08,180.5,15148189
2025-10-09,183.10000610351562,14580820
2025-10-10,180.60000610351562,16019739
2025-10-13,176.5,7410847
